{"cameraMode":{"drawMode":0,"name":"Shaded","section":"Shading Mode"},"sceneLighting":true,"audioPlay":false,"sceneViewState":{"m_AlwaysRefresh":false,"showFog":true,"showSkybox":true,"showFlares":true,"showImageEffects":true,"showParticleSystems":true,"showVisualEffectGraphs":true,"m_FxEnabled":true},"in2DMode":false,"pivot":{"x":2.782665491104126,"y":2.0342092514038088,"z":-5.261486053466797},"rotation":{"x":-0.24057649075984956,"y":0.051508814096450809,"z":-0.012785939499735833,"w":-0.969178318977356},"size":2.0280845165252687,"orthographic":false}