{"cameraMode":{"drawMode":0,"name":"Shaded","section":"Shading Mode"},"sceneLighting":true,"audioPlay":false,"sceneViewState":{"m_AlwaysRefresh":false,"showFog":true,"showSkybox":true,"showFlares":true,"showImageEffects":true,"showParticleSystems":true,"showVisualEffectGraphs":true,"m_FxEnabled":true},"in2DMode":false,"pivot":{"x":6.784778118133545,"y":3.895902633666992,"z":-0.45587801933288576},"rotation":{"x":-0.24057649075984956,"y":0.051508814096450809,"z":-0.012785939499735833,"w":-0.969178318977356},"size":0.8660253882408142,"orthographic":false}